Division,School,Location,Ensemble Visual,Field Music,Ensemble Music,Overall Effect - Visual,Overall Effect - Music,Total,Auxiliary
Independence A,Donegal HS,"Mount Joy, PA",15.21 1,13.81 1,14.55 1,14.88 1,14.15 1,72.600 1,152.60 1
Independence A,Columbia Borough,"Columbia, PA",12.67 4,13.74 3,13.35 2,13.13 3,13.07 3,65.960 2,133.40 4
Independence A,Susquehanna Township,"Harrisburg, PA",13.34 2,13.75 2,12.69 3,13.28 2,12.88 4,65.940 3,139.40 3
Independence A,Bishop McDevitt,"Harrisburg, PA",13.14 3,12.88 4,12.61 4,13.08 4,13.08 2,64.790 4,142.60 2
American A,Pottsgrove,"Pottstown, PA",15.41 1,14.21 1,15.55 1,15.47 1,15.34 1,75.980 1,158.70 1
American A,Big Spring,"Newville, PA",15.07 2,13.74 2,15.35 3,14.74 2,14.74 2,73.640 2,150.80 2
American A,Middletown Area,"Middletown, PA",14.47 3,13.68 3,15.36 2,14.21 3,14.42 3,72.140 3,135.40 3
Liberty A,Conrad Weiser,"Robesonia, PA",15.08 2,14.41 1,16.28 3,15.28 2,16.14 1,77.190 1,148.60 2
Liberty A,Eastern York,"Wrightsville, PA",14.81 3,14.34 2,16.61 1,14.94 3,15.74 2,76.440 2,148.10 3
Liberty A,Greencastle-Antrim,"Greencastle, PA",15.75 1,13.21 5,15.75 5,15.68 1,15.28 3,75.670 3,158.10 1
Liberty A,Governor Mifflin High School,"Shillington, PA",14.01 4,14.14 3,15.81 4,14.34 4,14.75 4,73.050 4,131.40 5
Liberty A,Conestoga Valley,"Lancaster, PA",13.61 5,13.74 4,16.34 2,13.94 5,14.60 5,72.230 5,134.60 4
Yankee A,South Western,"Hanover, PA",15.82 1,13.81 2,15.62 1,15.69 1,15.34 1,76.280 1,147.90 2
Yankee A,Manheim Central,"Manheim, PA",15.74 2,14.08 1,15.15 2,15.61 2,14.88 2,75.460 2,150.60 1
Liberty Open,Penn Manor,"Millersville, PA",16.00 1,14.70 1,16.50 1,16.00 1,16.00 1,79.200 1,148.00 1
Yankee Open,Warwick,"Lititz, PA",16.30 1,14.80 1,16.80 1,16.50 1,16.30 1,80.700 1,144.00 1
Patriot Open,Nazareth Area,"Bethlehem, PA",15.70 1,15.00 1,16.70 1,15.90 1,16.50 1,79.800 1,146.00 1
Exhebition,Hempfield,"Landisville, PA",16.10 1,14.80 1,16.90 1,16.40 1,16.20 1,80.400 1,143.00 1
Liberty Open,Susquehannock,"Glen Rock, PA",14.90 2,15.90 2,16.10 1,15.20 2,16.50 1,78.600 1,148.50 2
Liberty Open,New Oxford,"New Oxford, PA",15.20 1,16.50 1,15.60 3,15.50 1,15.60 3,78.400 2,151.00 1
Liberty Open,Penn Manor,"Millersville, PA",13.90 3,15.60 3,15.80 2,14.20 3,16.10 2,75.600 3,147.00 3
Yankee Open,West Shore,"Lewisberry, PA",16.30 1,16.40 1,16.40 1,15.00 1,16.80 1,80.900 1,165.00 1
Yankee A,Red Lion Area,"Red Lion, PA",15.68 1,15.21 1,15.28 1,13.95 1,15.41 1,75.530 1,146.10 1
Patriot A,Cedar Crest,"Lebanon, PA",16.21 1,15.94 1,15.81 1,15.21 1,15.81 1,78.980 1,160.70 2
Patriot A,Cumberland Valley,"Mechanicsburg, PA",14.01 2,15.61 2,14.48 2,14.41 2,14.21 2,72.720 2,163.45 1
American A,York Catholic,"York, PA",14.41 1,15.01 1,14.21 1,13.73 1,14.55 1,71.910 1,147.75 1
Liberty A,Eastern York,"Wrightsville, PA",14.21 1,16.21 1,15.08 1,14.81 1,16.41 1,76.720 1,147.75 1
Exhebition,Conestoga Valley,"Lancaster, PA",14.61 1,16.01 1,15.88 1,14.61 1,15.68 1,76.790 1,152.10 1
American Open,Williamsport Area,"Williamsport, PA",15.50 1,15.60 1,15.80 1,15.40 1,15.70 1,78.000 1,134.00 1
Yankee A,Berwick Area,"Berwick, PA",14.48 1,14.88 1,14.61 1,14.61 1,14.21 1,72.790 1,126.70 1
Liberty A,Bloomsburg Area,"Bloomsburg, PA",14.94 1,15.08 1,15.01 1,15.21 1,15.01 1,75.250 1,129.40 1
American A,Loyalsock Township,"Williamsport, PA",15.94 2,15.21 1,15.54 1,15.68 1,15.28 1,77.650 1,160.70 1
American A,Shikellamy,"Sunbury, PA",16.14 1,14.61 2,14.81 3,15.28 2,15.16 2,76.000 2,146.70 2
American A,Pittston Area,"Yatesville, PA",15.14 3,13.88 3,15.01 2,15.01 3,14.41 3,73.450 3,130.70 3
American A,Williamson,"Tioga, PA",13.94 4,13.22 4,13.94 4,14.21 4,13.81 4,69.120 4,124.70 4
Exhebition,Shamokin Area,"Coal Township, PA",15.67 1,14.81 1,14.61 1,14.61 1,15.36 1,75.060 1,142.70 1
American A,Pottsgrove,"Pottstown, PA",15.08 1,15.075 1,15.94 1,15.54 1,14.21 1,75.845 1,158.10 1
Liberty A,Abington,"Abington, PA",14.41 1,14.875 1,15.14 1,14.61 1,14.61 1,73.645 1,161.50 1
Patriot A,Pennsbury,"Fairless Hills, PA",15.07 1,15.345 1,15.61 1,14.41 1,15.08 1,75.515 1,148.80 1
Liberty Open,Phoenixville,"Phoenixville, PA",15.90 1,15.70 1,15.80 1,15.80 1,15.60 1,78.800 1,153.00 1
Yankee Open,Cherokee,"Marlton, NJ",15.40 1,15.55 2,14.90 2,15.60 1,16.20 1,77.650 1,149.00 1
Yankee Open,Wilson,"West Lawn, PA",15.10 2,15.65 1,15.30 1,15.40 2,16.00 2,77.450 2,145.00 2
Patriot Open,Boyertown Area,"Boyertown, PA",15.60 1,16.00 1,15.50 1,16.00 1,16.50 1,79.600 1,147.00 1
Exhebition,Spring-Ford,"Royersford, PA",16.20 1,16.40 1,16.00 1,16.60 1,16.80 1,82.000 1,158.00 1
Liberty Open,Camp Hill,"Camp Hill, PA",16.10 1,16.80 1,16.60 1,15.80 1,15.00 1,80.300 1,168.50 1
Liberty Open,East Pennsboro,"Enola, PA",14.30 2,15.60 2,15.00 2,14.60 2,13.70 2,73.200 2,154.00 2
Independence A,Donegal HS,"Mount Joy, PA",15.68 1,13.81 1,14.28 1,15.35 1,15.01 1,74.130 1,161.40 1
Liberty A,Greencastle-Antrim,"Greencastle, PA",15.62 1,15.81 1,14.48 2,15.55 1,15.22 1,76.680 1,162.70 1
Liberty A,Carlisle,"Carlisle, PA",13.48 2,15.62 2,15.27 1,14.68 2,14.08 2,73.130 2,160.80 2
Yankee A,Northern York,"Dillsburg, PA",15.94 2,16.35 1,16.28 1,15.81 2,16.01 1,80.390 1,165.40 1
Yankee A,South Western,"Hanover, PA",16.21 1,15.34 2,15.81 2,16.08 1,15.81 2,79.250 2,157.40 2
American A,James Buchanan,"Mercersburg,, PA",16.54 2,15.95 2,16.08 1,16.54 1,16.14 1,81.250 1,165.40 1
American A,Littlestown,"Littlestown, PA",15.75 3,16.35 1,15.34 2,15.54 2,15.74 2,78.720 2,161.40 2
American A,Shikellamy,"Sunbury, PA",17.01 1,15.41 3,14.68 3,15.14 3,15.08 3,77.320 3,158.70 3
Exhebition,Big Spring,"Newville, PA",15.54 1,16.41 1,15.61 1,15.33 1,15.07 1,77.960 1,162.70 1
Independence A,Palisades,"Kintnersville, PA",14.15 1,15.89 1,13.69 1,15.48 1,14.28 1,73.490 1,128.70 2
Independence A,Bishop McDevitt,"Harrisburg, PA",13.01 2,15.81 2,13.08 2,14.81 2,13.68 2,70.390 2,134.20 1
American A,Pottsgrove,"Pottstown, PA",15.61 1,16.15 1,15.62 1,16.48 1,14.68 1,78.540 1,162.70 1
American A,Pottstown,"Pottstown, PA",14.48 2,15.75 2,14.95 2,15.68 3,14.41 2,75.270 2,160.70 2
American A,Northampton Area,"Northampton, PA",14.14 3,15.15 3,13.96 3,15.88 2,13.69 3,72.820 3,140.80 3
Liberty A,Governor Mifflin,"Shillington, PA",14.21 1,16.16 1,14.68 1,16.68 1,14.88 1,76.610 1,126.80 1
Liberty A,Daniel Boone,"Birdsboro, PA",13.61 2,15.35 2,14.34 2,15.01 2,14.48 2,72.790 2,124.80 2
Yankee A,Pennridge,"Perkasie, PA",14.74 1,16.35 1,15.42 1,16.81 1,17.47 1,80.790 1,174.70 1
Yankee Open,Warwick,"Lititz, PA",16.40 1,16.30 1,15.50 1,17.60 1,17.00 1,82.800 1,161.00 1
Yankee Open,Wilson,"West Lawn, PA",15.30 2,15.50 2,14.80 2,16.90 2,16.50 2,79.000 2,157.00 2
Liberty Open,Whitehall,"Whitehall, PA",15.10 1,16.20 1,16.80 1,17.30 1,15.40 1,80.800 1,155.00 1
Patriot Open,Spring-Ford,"Royersford, PA",14.90 1,16.30 1,16.50 1,17.00 1,17.30 1,82.000 1,159.00 1
Exhebition,Boyertown Area,"Boyertown, PA",15.90 1,16.00 1,15.80 1,17.50 1,16.90 1,82.100 1,157.00 1
Independence A,Methacton,"Norristown,, PA",15.74 1,14.28 3,14.81 3,16.34 1,15.23 1,76.400 1,144.10 1
Independence A,Woodbury HS,"Woodbury, NJ",15.41 2,14.55 2,15.28 1,15.14 2,15.21 2,75.590 2,141.40 2
Independence A,Bridgeton,"Bridgeton, NJ",14.41 3,14.89 1,15.01 2,14.21 3,14.21 3,72.730 3,134.10 3
Yankee A,Kennett,"Kennett Square, PA",15.21 1,14.43 1,15.21 1,15.54 1,14.75 1,75.140 1,147.40 1
Liberty A,Washington Township,"Sewell, NJ",15.66 1,14.09 1,14.61 1,15.60 1,14.48 1,74.440 1,146.70 1
American A,Coatesville,"Coatesville, PA",16.34 1,15.82 1,16.01 2,15.94 2,16.41 1,80.520 1,143.40 2
American A,Twin Valley,"Elverson, PA",16.07 2,15.62 2,16.34 1,16.14 1,14.94 2,79.110 2,149.50 1
American A,West Chester East,"West Chester, PA",14.94 3,15.29 3,15.48 3,14.94 3,14.01 3,74.660 3,129.40 3
Patriot A,Penncrest,"Media, PA",15.61 1,16.02 1,16.54 1,15.74 1,15.54 1,79.450 1,147.50 1
American Open,Sun Valley,"Aston, PA",16.20 1,16.50 1,16.60 1,15.80 1,16.10 1,81.200 1,161.00 1
Liberty Open,Haverford,"Havertown, PA",14.70 1,15.50 1,15.50 1,14.80 1,14.60 1,75.100 1,139.00 1
Patriot Open,Nazareth Area,"Bethlehem, PA",16.80 1,16.60 1,17.70 1,16.80 1,16.40 2,84.300 1,153.00 5
Patriot Open,Hempfield,"Landisville, PA",16.60 2,16.30 2,17.20 3,16.60 2,16.90 1,83.600 2,162.00 3
Patriot Open,Unionville,"Kennett Square, PA",16.30 4,15.80 4,17.30 2,16.00 3,16.10 3,81.500 3,170.00 1
Patriot Open,Upper Moreland,"Willow Grove, PA",16.40 3,16.30 2,16.90 4,15.40 5,15.80 4,80.800 4,167.00 2
Patriot Open,Neshaminy,"Langhorne, PA",15.80 5,15.50 5,16.50 5,15.60 4,15.50 5,78.900 5,156.00 4
Exhebition,Downingtown West,"Downingtown, PA",17.00 1,17.00 1,18.10 1,17.00 1,16.60 1,85.700 1,173.00 1
Exhebition,Downingtown East,"Downingtown, PA",15.80 2,16.60 2,17.00 2,15.20 2,15.40 2,80.000 2,157.00 2
American A,Pottsgrove,"Pottstown, PA",16.41 1,17.34 1,16.88 1,16.01 1,16.74 1,83.380 1,156.10 1
American A,Littlestown,"Littlestown, PA",16.01 2,17.01 2,16.15 2,15.41 2,16.01 2,80.590 2,153.40 2
Yankee A,South Western,"Hanover, PA",16.61 1,16.54 1,16.48 1,16.02 1,16.21 1,81.860 1,152.80 1
Yankee A,Exeter Township,"Exeter, PA",15.81 2,15.94 2,14.28 2,14.41 2,14.35 2,74.790 2,148.10 2
Liberty A,Conrad Weiser,"Robesonia, PA",15.88 1,17.74 1,16.81 2,15.88 1,16.74 1,83.050 1,158.10 1
Liberty A,Eastern York,"Wrightsville, PA",15.28 2,17.54 2,17.14 1,15.21 2,16.41 2,80.180 2,151.40 2
Liberty Open,Phoenixville,"Phoenixville, PA",15.90 1,16.90 1,15.10 1,15.70 1,15.80 1,79.200 1,156.00 1
Exhebition,Warwick,"Lititz, PA",16.60 1,17.40 1,16.10 1,16.50 1,16.70 1,83.300 1,156.00 1
American A,Littlestown,"Littlestown, PA",16.41 1,15.74 3,16.15 1,16.01 1,16.35 1,80.660 1,163.40 2
American A,Big Spring,"Newville, PA",16.01 2,16.61 1,15.81 3,15.74 2,16.15 2,80.320 2,167.40 1
American A,Middletown Area,"Middletown, PA",15.35 4,16.01 2,16.14 2,15.14 4,15.69 3,78.330 3,144.10 4
American A,York Catholic,"York, PA",15.41 3,15.21 4,15.41 4,15.55 3,15.61 4,77.190 4,149.40 3
Yankee A,Manheim Central,"Manheim, PA",16.74 1,16.27 3,16.28 2,16.41 1,17.41 2,83.110 1,149.40 2
Yankee A,Red Lion Area,"Red Lion, PA",16.28 2,16.74 2,16.27 3,16.08 2,17.61 1,82.980 2,158.10 1
Yankee A,Northern York,"Dillsburg, PA",16.08 3,17.01 1,16.61 1,15.88 3,17.21 3,82.790 3,143.40 3
Independence A,Susquehanna Township,"Harrisburg, PA",14.28 1,13.75 1,14.35 1,14.28 1,14.61 1,71.270 1,132.70 1
Exhebition,Eastern York,"Wrightsville, PA",16.01 1,16.14 1,17.21 1,16.34 1,16.35 1,82.050 1,162.10 1
Yankee Open,Warwick,"Lititz, PA",17.20 1,16.60 1,17.00 1,16.90 1,17.60 1,85.300 1,154.00 1
Yankee A,Exeter Township,"Exeter, PA",16.34 1,15.28 1,16.34 1,16.14 1,15.68 1,79.780 1,162.10 1
Yankee A,Blue Mountain,"Schuylkill Haven, PA",15.01 2,14.41 2,15.34 2,15.01 2,15.01 2,74.780 2,152.10 2
Independence A,Pen Argyl,"Pen Argyl, PA",15.41 1,17.74 1,17.07 1,16.41 1,16.34 1,82.970 1,161.40 1
American A,Souderton,"Souderton, PA",16.14 2,16.74 1,16.81 1,16.27 2,16.61 1,82.570 1,144.70 1
American A,Catasauqua,"Easton, PA",16.54 1,16.01 2,16.34 2,16.61 1,15.88 2,81.380 2,140.70 2
Liberty Open,Conestoga Valley,"Lancaster, PA",17.00 1,15.90 1,16.80 1,16.60 1,16.70 1,83.000 1,165.00 1
Exhebition,Conrad Weiser,"Robesonia, PA",16.81 1,16.74 1,17.34 1,16.81 1,17.34 1,85.040 1,169.40 1
Liberty Open,Susquehannock,"Glen Rock, PA",17.10 1,17.90 1,17.70 1,16.40 1,17.20 1,86.300 1,167.00 2
Liberty Open,Camp Hill,"Camp Hill, PA",16.10 2,17.20 2,17.40 2,16.10 2,16.70 2,83.500 2,174.00 1
Independence A,Biglerville,"Biglerville, PA",14.68 1,16.54 1,15.34 1,15.08 1,15.88 1,77.520 1,163.40 1
American A,James Buchanan,"Mercersburg,, PA",15.01 1,16.54 2,16.81 1,16.41 2,16.29 1,81.060 1,171.40 1
American A,Big Spring,"Newville, PA",14.41 3,16.94 1,16.41 2,16.66 1,16.27 2,80.690 2,164.10 2
American A,York Catholic,"York, PA",14.61 2,15.87 3,16.01 3,15.54 3,16.07 3,78.100 3,159.40 3
Liberty A,Greencastle-Antrim,"Greencastle, PA",15.48 1,15.28 1,15.28 1,16.61 1,16.28 1,78.930 1,171.40 1
Exhebition,South Western,"Hanover, PA",15.42 1,16.74 1,17.21 1,17.41 1,16.74 1,83.520 1,165.40 1
American A,Hazleton Area,"Hazleton, PA",16.54 1,17.21 2,17.74 1,17.94 1,17.88 2,87.310 1,171.40 1
American A,Catasauqua,"Catasauqua, PA",16.34 2,17.54 1,17.47 2,17.27 2,18.00 1,86.620 2,149.40 3
American A,Saucon Valley,"Hellertown, PA",16.00 3,16.81 4,17.14 3,16.74 3,17.08 4,83.770 3,142.20 5
American A,Souderton,"Souderton, PA",15.94 4,16.54 5,16.81 5,16.66 4,16.75 5,82.700 4,142.70 4
American A,Wilson Area,"Easton, PA",15.54 5,16.14 6,16.99 4,15.94 6,17.59 3,82.200 5,150.00 2
American A,Northampton Area,"Northampton, PA",15.34 6,17.01 3,16.28 6,16.41 5,16.28 6,81.320 6,140.80 6
Independence A,Pen Argyl,"Pen Argyl, PA",16.86 1,17.94 1,17.67 1,17.21 1,17.74 1,87.420 1,158.00 1
Independence A,Palisades,"Kintnersville, PA",15.74 3,17.34 2,17.01 3,16.81 2,16.74 2,83.640 2,142.70 3
Independence A,Lackawanna Trail,"Factoryville, PA",15.68 4,15.94 4,17.06 2,16.54 3,16.34 3,81.560 3,148.70 2
Independence A,Dieruff,"Allentown, PA",16.45 2,16.21 3,15.74 4,15.54 4,14.95 4,78.890 4,138.10 4
Liberty A,Bangor Area,"Bangor, PA",16.74 1,16.94 1,16.41 1,16.68 1,18.14 1,84.910 1,172.10 1
American Open,Sun Valley,"Aston, PA",17.20 1,18.20 1,18.70 1,17.60 1,18.10 1,89.800 1,177.00 1
Liberty Open,Whitehall,"Whitehall, PA",17.70 1,18.50 1,18.20 1,17.70 1,18.00 1,90.100 1,173.00 1
Patriot Open,Hempfield,"Landisville, PA",18.10 1,18.40 1,18.80 1,18.10 1,18.60 1,92.000 1,176.00 1
Exhebition,Nazareth Area,"Nazareth, PA",18.80 1,18.60 1,19.10 1,18.60 1,18.70 1,93.800 1,186.00 1
Independence A,Columbia Borough,"Columbia, PA",14.13 1,17.07 1,16.73 1,16.67 1,16.13 1,80.730 1,148.80 1
American A,Pottsgrove,"Pottstown, PA",15.34 1,17.81 1,16.87 1,16.94 1,17.33 1,84.290 1,163.40 1
Liberty A,Conrad Weiser,"Robesonia, PA",16.41 1,17.87 1,17.34 1,17.54 1,16.95 2,86.110 1,160.70 2
Liberty A,Eastern York,"Wrightsville, PA",15.41 2,17.75 3,17.14 2,17.21 2,17.15 1,84.660 2,171.40 1
Liberty A,Governor Mifflin,"Shillington, PA",14.61 3,17.76 2,17.02 3,16.42 3,16.61 3,82.420 3,142.80 3
Liberty A,Daniel Boone,"Birdsboro, PA",13.75 4,16.81 4,16.28 4,15.55 4,16.21 4,78.600 4,137.50 4
Yankee A,Northern York,"Dillsburg, PA",16.01 1,17.88 1,17.48 1,17.08 1,17.61 1,86.060 1,150.20 1
Patriot A,Cedar Crest,"Lebanon, PA",17.48 1,17.48 1,17.21 1,17.41 1,17.81 1,87.390 1,174.10 1
Liberty Open,Susquehannock,"Glen Rock, PA",17.10 1,18.40 1,18.00 1,17.80 1,18.20 1,89.500 1,161.00 1
Yankee Open,Warwick,"Lititz, PA",17.70 1,17.90 1,17.40 1,17.90 1,17.60 1,88.500 1,152.00 1
Exhebition,Wilson,"West Lawn, PA",14.40 1,17.10 1,17.10 1,17.10 1,17.00 1,82.700 1,140.00 1
Yankee Open,Warwick,"Lititz, PA",18.50 1,18.20 1,18.30 1,18.30 1,18.00 1,91.300 1,165.00 1
Liberty Open,Conestoga Valley,"Lancaster, PA",17.60 1,17.00 1,17.50 1,17.00 1,17.50 1,86.600 1,167.00 1
Liberty A,Conestoga Valley,"Lancaster, PA",17.60 1,17.00 1,17.50 1,17.00 1,17.50 1,86.600 1,167.00 1
Independence A,Donegal HS,"Mount Joy, PA",18.39 1,15.41 1,16.35 1,17.54 1,18.28 1,85.970 1,166.80 1
American A,Coatesville,"Coatesville, PA",17.54 1,15.88 2,17.41 1,16.94 2,17.54 1,85.310 1,153.50 2
American A,Littlestown,"Littlestown, PA",17.08 2,16.28 1,16.75 2,17.34 1,14.95 3,82.400 2,159.50 1
American A,Middletown Area,"Middletown, PA",15.74 3,15.34 3,16.48 3,16.48 3,15.46 2,79.500 3,146.20 3
Yankee A,South Western,"Hanover, PA",16.48 1,18.14 1,17.54 1,17.41 1,17.61 1,87.180 1,171.50 1
Exhebition,Manheim Central,"Manheim, PA",17.14 1,16.94 1,17.74 1,18.01 1,16.27 1,86.100 1,167.50 1
Independence A,Woodbury HS,"Woodbury, NJ",16.14 1,17.01 1,17.40 1,17.35 1,15.88 2,83.780 1,162.10 1
Independence A,Chichester,"Boothwyn, PA",14.81 2,16.54 2,16.01 2,15.88 2,16.28 1,78.120 2,154.10 2
American A,Pottsgrove,"Pottstown, PA",16.67 1,17.81 1,19.20 1,17.88 1,18.47 1,90.030 1,169.40 1
American A,Pottstown,"Pottstown, PA",15.94 2,17.08 2,18.22 2,16.95 3,17.34 2,85.530 2,167.40 2
American A,Ridley,"Folsom, PA",15.74 3,16.54 3,17.34 3,17.27 2,17.00 3,83.890 3,159.40 3
Liberty A,Daniel Boone,"Birdsboro, PA",16.14 1,16.21 1,17.21 1,16.42 1,16.28 1,82.260 1,162.10 1
Yankee A,Kennett,"Kennett Square, PA",16.34 1,16.08 1,18.87 1,16.48 1,17.21 1,84.980 1,157.40 1
Patriot A,Pennsbury,"Fairless Hills, PA",17.41 1,18.14 1,18.94 1,17.15 1,18.08 1,89.720 1,171.40 1
Patriot A,Garnet Valley,"Glen Mills, PA",16.94 2,16.54 2,18.67 2,16.08 2,16.81 2,85.040 2,165.40 2
Independence Open,Haddon Heights,"Haddon Heights, NJ",17.70 1,17.00 1,16.90 1,16.90 1,17.60 1,86.100 1,176.00 1
American Open,Sun Valley,"Aston, PA",18.50 1,18.10 1,18.80 1,18.50 1,18.40 1,92.300 1,182.00 1
Yankee Open,Marple Newtown,"Newtown Square, PA",18.10 1,16.70 2,17.60 2,17.90 1,17.80 2,88.100 1,174.00 1
Yankee Open,Wilson,"West Lawn, PA",16.10 2,17.20 1,18.10 1,17.50 2,18.00 1,86.900 2,160.00 2
Patriot Open,Upper Moreland,"Willow Grove, PA",17.90 1,17.10 1,18.70 2,18.70 1,18.60 1,91.000 1,174.00 1
Patriot Open,Neshaminy,"Langhorne, PA",17.00 3,16.40 3,19.00 1,18.10 2,17.70 3,88.200 2,172.00 2
Patriot Open,Boyertown Area,"Boyertown, PA",17.20 2,16.60 2,18.20 3,17.60 3,18.20 2,87.800 3,170.00 3
Liberty Open,Penn Manor,"Millersville, PA",16.30 1,17.20 1,18.50 1,17.20 1,18.00 1,87.200 1,168.00 1
Exhebition,Phoenixville,"Phoenixville, PA",17.50 1,17.00 1,18.00 1,17.90 1,17.70 1,88.100 1,181.00 1
Patriot Open,Nazareth Area,"Nazareth, PA",18.40 1,18.50 1,19.00 1,19.10 1,18.90 1,93.900 1,181.00 3
Patriot Open,Spring-Ford,"Royersford, PA",17.40 2,18.00 2,18.80 2,18.10 2,17.90 3,90.200 2,188.00 1
Patriot Open,Downingtown East,"Downingtown, PA",17.40 2,17.60 3,18.60 3,18.00 3,18.10 2,89.700 3,184.00 2
Yankee Open,Warwick,"Lititz, PA",17.30 1,18.20 1,18.60 1,18.50 1,18.60 1,91.200 1,183.00 1
Yankee A,Kennett,"Kennett Square, PA",16.68 1,15.94 1,18.14 2,17.54 1,17.28 1,85.580 1,176.10 1
Yankee A,Exeter Township,"Exeter, PA",16.66 2,15.74 2,18.54 1,17.07 2,16.48 2,84.490 2,174.60 2
Liberty A,Concord,"Wilmington, DE",17.66 1,17.61 1,18.88 1,17.01 1,17.74 1,88.900 1,176.80 1
American A,Twin Valley,"Elverson, PA",17.40 1,18.67 1,18.94 1,17.67 1,18.01 1,90.690 1,181.50 2
American A,Ridley,"Folsom, PA",17.15 2,16.94 2,17.47 3,17.34 2,17.01 2,85.910 2,182.70 1
American A,Pittston Area,"Yatesville, PA",15.75 4,16.61 3,18.41 2,16.79 3,16.54 4,84.100 3,179.50 3
American A,West Chester East,"West Chester, PA",16.48 3,16.21 4,16.88 4,16.41 4,16.74 3,82.720 4,172.80 4
Independence A,Penn Wood,"Lansdowne, PA",16.34 1,17.94 1,18.21 1,17.54 1,17.14 1,87.170 1,174.10 1
Independence A,Chichester,"Boothwyn, PA",15.68 3,16.81 3,17.28 2,16.87 3,15.88 4,82.520 2,162.80 4
Independence A,Columbia Borough,"Columbia, PA",16.28 2,16.14 4,16.41 3,16.81 4,16.42 3,82.060 3,167.30 2
Independence A,Lackawanna Trail,"Factoryville, PA",15.28 4,17.14 2,15.61 4,17.27 2,16.74 2,82.040 4,165.30 3
Liberty Open,Conestoga Valley,"Lancaster, PA",16.60 1,16.80 2,17.70 2,17.30 1,17.60 1,86.000 1,174.00 1
Liberty Open,Haverford,"Havertown, PA",15.80 2,17.10 1,18.20 1,16.40 2,17.20 2,84.700 2,166.00 2
Independence A,Palisades,"Kintnersville, PA",16.07 3,17.54 1,17.61 1,15.87 3,16.60 1,83.690 1,167.40 2
Independence A,Donegal HS,"Mount Joy, PA",16.08 2,16.14 3,17.21 2,16.61 1,16.41 2,82.450 2,183.40 1
Independence A,Methacton,"Norristown,, PA",16.61 1,16.47 2,17.01 3,16.14 2,16.14 3,82.370 3,161.40 3
American A,Pottsgrove,"Pottstown, PA",17.74 1,18.47 2,18.54 1,17.94 1,17.61 1,90.300 1,175.40 1
American A,Souderton,"Souderton, PA",16.41 2,18.67 1,18.14 2,16.48 2,17.60 2,87.300 2,166.70 4
American A,Pottstown,"Pottstown, PA",15.41 4,17.67 3,17.87 3,15.74 4,16.60 3,83.290 3,168.70 3
American A,William Tennent,"Warminster, PA",15.75 3,17.66 4,16.94 4,15.75 3,16.27 4,82.370 4,170.70 2
Liberty A,Council Rock North,"Newtown, PA",17.21 1,18.34 2,17.94 1,17.61 1,17.55 1,88.650 1,158.70 1
Liberty A,Bensalem,"Bensalem, PA",16.81 2,18.53 1,17.74 2,16.94 2,17.54 2,87.560 2,155.40 2
Yankee A,Pennridge,"Perkasie, PA",18.47 1,18.60 1,19.20 1,18.54 1,18.74 1,93.550 1,185.40 1
Yankee A,Central Bucks West,"Doylestown, PA",16.22 2,17.07 3,17.14 2,16.68 2,16.62 3,83.730 2,169.40 2
Yankee A,Delaware Valley High School ,Milford PA,15.88 3,17.47 2,16.94 3,15.94 3,16.94 2,83.170 3,146.70 3
Patriot Open,Upper Moreland,"Willow Grove, PA",18.50 1,17.40 1,19.20 1,18.90 1,18.90 1,92.900 1,178.00 1
Patriot Open,Neshaminy,"Langhorne, PA",18.00 2,17.10 2,18.90 2,18.40 2,18.80 2,91.200 2,176.00 2
Yankee Open,Marple Newtown,"Newtown Square, PA",17.30 1,17.00 1,17.60 1,17.30 1,17.60 1,86.800 1,179.00 1
American Open,Sun Valley,"Aston, PA",18.30 1,19.00 1,19.30 1,18.50 1,19.00 1,94.100 1,174.00 1
Exhebition,Hatboro Horsham,"Horsham, PA",17.70 1,16.80 1,17.50 1,17.40 1,17.70 1,87.100 1,177.00 1
Independence A,Biglerville,"Biglerville, PA",18.47 1,17.81 1,18.87 1,18.14 1,18.07 1,91.360 1,185.40 1
Independence A,Bishop McDevitt,"Harrisburg, PA",16.61 2,16.41 2,16.94 2,16.08 2,17.21 2,83.250 2,167.40 2
Patriot A,Cumberland Valley,"Mechanicsburg, PA",17.94 1,18.21 1,17.21 1,17.68 1,19.06 1,90.100 1,177.40 1
Yankee A,Northern York,"Dillsburg, PA",17.60 2,18.61 1,17.81 1,18.41 1,18.87 1,91.300 1,175.40 1
Yankee A,South Western,"Hanover, PA",17.61 1,17.28 2,17.15 2,17.74 2,18.21 2,87.990 2,173.40 2
Yankee A,Berwick Area,"Berwick, PA",16.14 3,15.69 3,17.14 3,15.61 3,17.47 3,82.050 3,169.40 3
Liberty A,Carlisle,"Carlisle, PA",17.01 2,17.74 1,16.95 1,17.41 1,17.34 1,86.450 1,170.10 2
Liberty A,Greencastle-Antrim,"Greencastle, PA",17.41 1,17.34 2,16.68 2,17.21 2,17.07 2,85.710 2,190.70 1
American A,Loyalsock Township,"Williamsport, PA",17.28 1,17.14 1,18.60 3,18.07 1,18.86 1,89.950 1,183.40 1
American A,Littlestown,"Littlestown, PA",17.08 2,16.48 3,19.27 1,16.94 2,18.28 2,88.050 2,171.40 2
American A,York Catholic,"York, PA",15.54 4,16.94 2,18.66 2,16.01 4,17.61 4,84.760 3,169.40 3
American A,Middletown Area,"Middletown, PA",15.94 3,15.75 4,18.33 4,16.34 3,17.94 3,84.300 4,162.10 4
American Open,Williamsport Area,"Williamsport, PA",19.10 1,19.20 1,19.10 1,18.90 1,19.00 1,95.300 1,189.00 1
Liberty Open,Susquehannock,"Glen Rock, PA",18.60 1,19.30 1,19.30 1,18.60 1,19.20 1,95.000 1,178.00 2
Liberty Open,Camp Hill,"Camp Hill, PA",18.00 2,18.90 2,18.60 2,17.20 2,18.80 2,91.500 2,185.00 1
Exhebition,New Oxford,"New Oxford, PA",18.20 1,18.70 1,18.90 1,18.40 1,18.50 1,92.700 1,183.00 1
Yankee A,Cherry Hill East,"Cherry Hill, NJ",18.54 1,18.65 1,18.94 1,18.14 1,18.21 1,92.480 1,173.40 1
American A,Glassboro,"Glassboro, NJ",16.54 1,15.88 1,16.08 1,15.74 2,17.55 2,81.790 1,161.40 1
American A,Cinnaminson,"Cinnaminson, NJ",16.34 2,15.41 2,15.75 2,16.01 1,17.67 1,81.180 2,156.10 2
Independence A,Woodbury HS,"Woodbury, NJ",17.74 1,16.54 2,16.94 1,16.14 2,18.40 2,85.760 1,169.40 1
Independence A,Palmyra,"Palmyra, NJ",17.34 2,16.21 3,15.61 3,15.74 3,18.94 1,83.840 2,164.80 2
Independence A,Clayton,"Clayton, NJ",16.20 3,16.74 1,16.14 2,16.34 1,17.54 3,82.960 3,147.40 3
Independence Open,Haddon Heights,"Haddon Heights, NJ",19.30 1,18.00 1,17.90 1,18.80 1,18.60 1,92.600 1,193.00 1
Yankee Open,Cherokee,"Marlton, NJ",18.90 1,18.40 1,18.20 1,18.60 1,18.70 1,92.800 1,180.00 1
Liberty A,Washington Township,"Sewell, NJ",18.14 1,17.01 1,17.21 1,16.21 2,17.14 1,85.710 1,169.40 1
Liberty A,Vineland,"Vineland, NJ",17.47 2,16.48 2,16.81 2,16.61 1,16.74 2,84.110 2,160.80 2
Independence A,Biglerville,"Biglerville, PA",19.27 1,19.27 1,18.94 1,19.27 1,19.235 1,95.985 1,196.00 1
Independence A,Pen Argyl,"Pen Argyl, PA",17.66 6,18.07 5,18.74 2,19.07 2,18.895 2,92.435 2,179.40 5
Independence A,Woodbury HS,"Woodbury, NJ",18.14 4,18.87 2,18.20 5,18.04 5,18.605 3,91.855 3,170.80 9
Independence A,Methacton,"Norristown,, PA",18.73 2,17.14 9,18.01 6,18.675 3,17.365 8,89.920 4,186.10 3
Independence A,Penn Wood,"Lansdowne, PA",17.07 8,18.40 3,18.54 3,17.675 8,18.20 4,89.885 5,162.70 11
Independence A,Donegal HS,"Mount Joy, PA",18.13 5,17.54 7,18.34 4,17.94 6,17.91 6,89.860 6,191.40 2
Independence A,Palisades,"Kintnersville, PA",16.47 11,18.34 4,17.74 7,17.905 7,17.74 7,88.195 7,172.60 8
Independence A,Palmyra,"Palmyra, NJ",18.54 3,15.61 15,16.34 14,18.475 4,17.24 10,86.205 8,177.40 6
Independence A,Bishop McDevitt,"Harrisburg, PA",16.87 9,16.94 10,17.34 9,16.54 14,17.94 5,85.630 9,152.10 15
Independence A,Chichester,"Boothwyn, PA",16.67 10,17.87 6,16.94 11,16.775 12,17.165 11,85.420 10,160.00 12
Independence A,Columbia Borough,"Columbia, PA",17.54 7,15.94 14,17.14 10,16.905 10,16.54 13,84.065 11,183.40 4
Independence A,Lackawanna Trail,"Factoryville, PA",15.54 15,16.54 12,17.54 8,17.04 9,17.36 9,84.020 12,177.20 7
Independence A,Plymouth Whitemarsh,"Plymouth Meeting, PA",16.01 13,17.34 8,16.74 12,16.775 12,16.865 12,83.730 13,170.60 10
Independence A,Clayton,"Clayton, NJ",16.20 12,16.60 11,16.54 13,16.81 11,16.365 14,82.515 14,155.40 14
Independence A,Dieruff,"Allentown, PA",15.74 14,16.14 13,15.61 15,16.54 14,15.965 15,79.995 15,158.10 13
Independence Open,Haddon Heights,"Haddon Heights, NJ",19.30 1,19.60 1,18.80 1,19.35 1,19.05 1,96.100 1,190.00 1
Independence Open,Hatboro Horsham,"Horsham, PA",18.60 2,18.90 2,18.50 2,18.95 2,18.95 2,93.900 2,183.00 2
Liberty A,Eastern York,"Wrightsville, PA",18.74 1,18.14 4,19.00 1,18.64 2,18.94 1,93.460 1,189.30 2
Liberty A,Bangor Area,"Bangor, PA",18.07 5,18.54 2,18.94 2,18.80 1,18.035 3,92.385 2,180.70 4
Liberty A,Conrad Weiser,"Robesonia, PA",18.54 2,17.94 5,17.93 5,18.37 4,18.44 2,91.220 3,184.00 3
Liberty A,Governor Mifflin,"Shillington, PA",17.27 7,18.94 1,18.60 3,17.81 6,17.71 5,90.330 4,167.40 9
Liberty A,Concord,"Wilmington, DE",17.75 6,17.74 6,17.34 7,18.03 5,17.84 4,88.700 5,176.70 5
Liberty A,Council Rock North,"Newtown, PA",17.15 8,17.54 7,18.01 4,17.305 9,17.51 6,87.515 6,158.10 12
Liberty A,Carlisle,"Carlisle, PA",18.13 3,18.34 3,16.07 11,17.74 7,17.175 7,87.455 7,170.80 8
Liberty A,Abington,"Abington, PA",16.95 9,17.14 9,17.61 6,18.505 3,17.175 7,87.380 8,172.70 7
Liberty A,Greencastle-Antrim,"Greencastle, PA",18.08 4,17.47 8,15.74 12,17.37 8,16.81 10,85.470 9,189.40 1
Liberty A,Bloomsburg Area,"Bloomsburg, PA",16.93 10,17.13 10,16.81 9,16.44 12,16.93 9,84.240 10,164.10 10
Liberty A,Daniel Boone,"Birdsboro, PA",16.48 12,16.94 11,17.14 8,16.545 11,16.54 11,83.645 11,162.10 11
Liberty A,Washington Township,"Sewell, NJ",16.68 11,16.34 12,16.61 10,16.835 10,16.01 12,82.475 12,173.30 6
Yankee A,Pennridge,"Perkasie, PA",18.42 2,19.27 1,19.20 1,19.07 1,19.14 1,95.100 1,192.00 1
Yankee A,Northern York,"Dillsburg, PA",18.61 1,18.34 3,18.67 3,18.40 2,18.48 3,92.500 2,180.10 2
Yankee A,Red Lion Area,"Red Lion, PA",18.27 3,18.74 2,18.87 2,17.405 5,18.70 2,91.985 3,168.10 7
Yankee A,South Western,"Hanover, PA",17.74 4,17.34 5,18.21 4,18.40 2,18.25 4,89.940 4,176.10 3
Yankee A,Manheim Central,"Manheim, PA",17.54 5,18.14 4,18.01 5,17.935 4,18.10 5,89.725 5,172.80 5
Yankee A,Kennett,"Kennett Square, PA",17.08 6,16.81 6,16.48 8,17.405 5,17.445 6,85.220 6,173.40 4
Yankee A,Berwick Area,"Berwick, PA",16.61 7,16.54 7,17.01 6,16.875 7,16.84 7,83.875 7,170.10 6
Yankee A,Delaware Valley High School ,Milford PA,16.00 8,16.34 8,16.68 7,16.375 8,16.645 8,82.040 8,147.40 8
Liberty Open,Susquehannock,"Glen Rock, PA",19.10 1,19.30 1,19.80 1,19.35 1,19.60 1,97.150 1,179.00 5
Liberty Open,Whitehall,"Whitehall, PA",18.40 2,18.20 5,19.00 3,19.00 3,19.20 2,93.800 2,178.00 6
Liberty Open,Phoenixville,"Phoenixville, PA",18.00 4,18.80 3,19.30 2,19.10 2,18.30 6,93.500 3,184.00 3
Liberty Open,New Oxford,"New Oxford, PA",17.90 5,19.00 2,18.50 5,18.80 4,19.10 3,93.300 4,185.00 2
Liberty Open,Camp Hill,"Camp Hill, PA",18.30 3,18.60 4,18.90 4,18.20 5,18.55 4,92.550 5,188.00 1
Liberty Open,Penn Manor,"Millersville, PA",17.40 6,17.90 6,18.10 7,17.95 7,18.50 5,89.850 6,173.00 7
Liberty Open,Conestoga Valley,"Lancaster, PA",17.00 7,17.70 7,18.30 6,18.10 6,17.70 7,88.800 7,180.00 4
Liberty Open,Haverford,"Havertown, PA",16.20 8,17.20 8,17.40 8,17.60 8,17.05 8,85.450 8,165.00 9
Liberty Open,East Pennsboro,"Enola, PA",16.10 9,16.70 9,16.10 9,17.10 9,16.75 9,82.750 9,167.00 8
Yankee Open,Warwick,"Lititz, PA",17.90 1,19.40 1,18.80 1,19.20 1,18.95 1,94.250 1,187.00 1
Yankee Open,Cherokee,"Marlton, NJ",17.60 2,18.20 3,18.30 2,18.60 2,18.15 2,90.850 2,184.00 2
Yankee Open,Marple Newtown,"Newtown Square, PA",17.50 3,17.00 5,17.40 3,18.15 3,17.85 3,87.900 3,179.00 3
Yankee Open,Kingsway Regional,"Woolwich Twp, NJ",16.40 5,18.50 2,17.10 4,17.30 5,17.30 4,86.600 4,174.00 4
Yankee Open,Wilson,"West Lawn, PA",16.90 4,17.50 4,16.80 5,17.70 4,16.95 5,85.850 5,169.00 5
American A,Hazleton Area,"Hazleton, PA",19.47 1,17.74 7,18.68 1,19.105 1,19.04 1,94.035 1,186.10 4
American A,Twin Valley,"Elverson, PA",18.07 7,19.34 1,18.28 3,17.905 5,18.80 3,92.395 2,177.40 8
American A,Shikellamy,"Sunbury, PA",18.74 3,18.27 4,17.81 7,18.505 2,19.04 1,92.365 3,194.70 1
American A,Pottsgrove,"Pottstown, PA",18.94 2,18.14 5,18.47 2,18.405 3,18.24 7,92.195 4,180.80 6
American A,James Buchanan,"Mercersburg,, PA",18.34 5,18.54 2,17.41 11,18.17 4,18.37 5,90.830 5,190.70 3
American A,Loyalsock Township,"Williamsport, PA",18.40 4,16.94 11,17.80 8,17.705 6,18.27 6,89.115 6,192.70 2
American A,Souderton,"Souderton, PA",16.48 16,18.34 3,18.21 4,17.375 7,18.13 8,88.535 7,173.20 10
American A,Catasauqua,"Catasauqua, PA",17.21 12,17.94 6,17.34 12,17.01 11,18.57 4,88.070 8,174.70 9
American A,Ridley,"Folsom, PA",17.07 13,17.54 8,16.93 15,17.335 9,17.605 9,86.480 9,182.70 5
American A,Coatesville,"Coatesville, PA",17.61 9,16.14 15,17.87 6,17.07 10,17.16 15,85.850 10,168.70 16
American A,Shamokin Area,"Coal Township, PA",17.34 10,16.34 14,17.48 9,16.87 12,17.57 10,85.600 11,180.70 7
American A,Littlestown,"Littlestown, PA",18.15 6,15.94 16,16.88 16,17.37 8,16.97 17,85.310 12,162.80 23
American A,Northampton Area,"Northampton, PA",17.80 8,17.14 10,17.01 13,15.74 18,16.94 18,84.630 13,168.80 15
American A,Saucon Valley,"Hellertown, PA",17.26 11,15.54 18,18.14 5,16.595 13,17.005 16,84.540 14,164.70 22
American A,Pittston Area,"Yatesville, PA",16.12 18,16.74 12,16.81 17,16.23 16,17.27 11,83.170 15,172.00 13
American A,Pottstown,"Pottstown, PA",15.14 23,17.34 9,16.94 14,16.265 15,17.235 12,82.920 16,171.90 14
American A,Middletown Area,"Middletown, PA",15.94 19,16.54 13,16.74 18,16.275 14,17.20 13,82.695 17,168.60 17
American A,York Catholic,"York, PA",17.01 14,14.94 21,17.47 10,16.005 17,17.17 14,82.595 18,172.70 11
American A,Glassboro,"Glassboro, NJ",16.67 15,15.74 17,16.26 20,15.075 21,15.77 21,79.515 19,166.60 19
American A,William Tennent,"Warminster, PA",15.88 20,14.54 23,16.48 19,15.475 19,15.44 23,77.815 20,168.10 18
American A,Cinnaminson,"Cinnaminson, NJ",16.21 17,15.14 20,15.33 23,14.875 23,15.895 19,77.450 21,164.80 21
American A,West Chester East,"West Chester, PA",15.61 21,14.74 22,15.28 24,15.275 20,15.63 22,76.535 22,172.10 12
American A,Wilson Area,"Easton, PA",15.41 22,14.34 24,15.79 21,15.00 22,15.86 20,76.400 23,165.90 20
American A,North Schuylkill,"Ashland, PA",14.94 24,15.34 19,15.60 22,14.695 24,15.235 24,75.810 24,154.60 25
American A,Williamson,"Tioga, PA",14.61 25,13.94 25,14.99 25,14.305 25,14.90 25,72.745 25,156.60 24
Patriot A,Cedar Crest,"Lebanon, PA",18.94 1,18.07 1,18.67 1,17.90 2,18.935 1,92.515 1,190.70 2
Patriot A,Cumberland Valley,"Mechanicsburg, PA",18.54 2,17.74 2,18.21 2,18.01 1,18.51 2,91.010 2,194.70 1
Patriot A,Pennsbury,"Fairless Hills, PA",17.74 3,16.87 3,17.40 3,17.175 3,17.70 3,86.885 3,171.40 4
Patriot A,Garnet Valley,"Glen Mills, PA",17.41 4,16.08 4,16.81 4,16.48 4,16.415 4,83.195 4,174.80 3
American Open,Williamsport Area,"Williamsport, PA",19.80 1,18.70 2,18.90 2,19.15 1,19.45 1,96.000 1,192.00 2
American Open,Sun Valley,"Aston, PA",19.20 2,18.90 1,19.10 1,19.15 1,19.05 2,95.400 2,197.00 1
American Open,Big Spring,"Newville, PA",16.80 3,17.00 3,17.70 3,17.80 3,17.15 3,86.450 3,177.00 3
Patriot Open,Nazareth Area,"Nazareth, PA",19.80 1,19.20 1,19.40 1,19.45 1,19.80 1,97.650 1,184.00 6
Patriot Open,Upper Moreland,"Willow Grove, PA",19.60 2,18.80 3,19.00 3,19.40 2,19.55 2,96.350 2,188.00 4
Patriot Open,Hempfield,"Landisville, PA",18.90 3,19.00 2,19.30 2,18.90 3,19.20 3,95.300 3,191.00 2
Patriot Open,Unionville,"Kennett Square, PA",18.20 4,18.40 5,18.80 4,17.65 7,18.80 4,91.850 4,194.00 1
Patriot Open,Spring-Ford,"Royersford, PA",17.80 6,18.60 4,18.70 5,17.85 6,18.65 5,91.600 5,190.00 3
Patriot Open,Neshaminy,"Langhorne, PA",18.00 5,17.80 6,18.20 8,18.60 4,17.95 8,90.550 6,179.00 8
Patriot Open,Downingtown East,"Downingtown, PA",17.60 7,17.50 7,18.60 6,18.10 5,18.10 6,89.900 7,186.00 5
Patriot Open,Boyertown Area,"Boyertown, PA",17.40 8,17.40 8,18.30 7,17.45 8,18.05 7,88.600 8,180.00 7